date,rainfall_mm,temperature_c,humidity_pct
2022-01-01,0.0,20.66,73.16
2022-01-02,0.0,21.04,69.16
2022-01-03,0.0,20.04,65.07
2022-01-04,0.0,20.09,63.6
2022-01-05,0.0,20.81,63.82
2022-01-06,0.0,21.19,64.06
2022-01-07,0.0,21.96,63.73
2022-01-08,0.48,22.08,72.87
2022-01-09,7.37,22.18,75.96
2022-01-10,4.48,21.44,79.72
2022-01-11,2.78,22.04,78.75
2022-01-12,0.31,20.46,78.66
2022-01-13,7.02,20.27,80.0
2022-01-14,1.34,21.03,76.21
2022-01-15,0.09,20.45,75.54
2022-01-16,0.03,20.47,72.21
2022-01-17,3.29,20.37,70.19
2022-01-18,0.01,20.53,68.26
2022-01-19,0.0,20.05,65.24
2022-01-20,0.0,20.84,57.78
2022-01-21,0.0,21.01,60.51
2022-01-22,0.0,21.98,57.65
2022-01-23,0.0,20.11,65.87
2022-01-24,0.0,16.7,51.57
2022-01-25,0.0,16.29,50.16
2022-01-26,0.0,16.72,50.66
2022-01-27,0.0,16.93,49.93
2022-01-28,0.0,16.53,46.52
2022-01-29,0.0,17.32,43.16
2022-01-30,0.0,19.69,37.69
2022-01-31,0.0,21.59,34.07
2022-02-01,0.0,21.77,35.03
2022-02-02,0.0,22.22,37.95
2022-02-03,0.0,22.51,40.42
2022-02-04,0.0,20.05,41.65
2022-02-05,0.0,20.09,32.01
2022-02-06,0.0,20.69,31.72
2022-02-07,0.0,21.76,41.54
2022-02-08,0.0,23.9,42.33
2022-02-09,0.0,25.4,51.27
2022-02-10,0.0,22.85,47.63
2022-02-11,0.0,21.59,49.0
2022-02-12,0.0,21.53,32.83
2022-02-13,0.0,22.03,29.47
2022-02-14,0.0,22.76,34.32
2022-02-15,0.0,24.62,43.58
2022-02-16,0.26,25.44,49.45
2022-02-17,0.02,25.47,51.66
2022-02-18,0.0,25.86,46.39
2022-02-19,0.0,27.81,41.01
2022-02-20,0.0,26.55,33.86
2022-02-21,0.0,24.6,25.37
2022-02-22,0.0,25.69,21.43
2022-02-23,0.0,26.14,30.63
2022-02-24,0.0,27.92,41.42
2022-02-25,0.0,27.94,35.35
2022-02-26,0.0,27.46,31.85
2022-02-27,0.0,27.15,33.12
2022-02-28,0.0,27.27,27.69
2022-03-01,0.0,26.76,26.67
2022-03-02,0.0,27.44,25.92
2022-03-03,0.0,27.75,26.71
2022-03-04,0.0,28.34,32.41
2022-03-05,0.0,28.89,30.4
2022-03-06,0.0,28.57,28.87
2022-03-07,0.0,27.96,29.77
2022-03-08,0.0,27.84,28.23
2022-03-09,0.0,28.28,24.07
2022-03-10,0.0,28.45,27.82
2022-03-11,0.1,29.24,29.02
2022-03-12,0.0,28.9,27.38
2022-03-13,0.0,28.9,25.2
2022-03-14,0.0,29.41,15.27
2022-03-15,0.0,30.14,16.43
2022-03-16,0.0,31.56,16.88
2022-03-17,0.0,31.48,15.94
2022-03-18,0.0,31.73,16.36
2022-03-19,0.0,31.97,20.84
2022-03-20,0.0,32.1,19.25
2022-03-21,0.0,31.73,18.24
2022-03-22,0.0,31.86,17.4
2022-03-23,0.0,32.12,16.42
2022-03-24,0.0,32.67,16.92
2022-03-25,0.0,33.18,21.68
2022-03-26,0.0,33.35,21.31
2022-03-27,0.0,33.19,18.32
2022-03-28,0.0,33.18,14.91
2022-03-29,0.0,33.21,13.4
2022-03-30,0.0,32.74,12.56
2022-03-31,0.0,33.16,11.0
2022-04-01,0.0,33.58,10.47
2022-04-02,0.0,33.24,13.51
2022-04-03,0.0,33.59,19.37
2022-04-04,0.0,33.72,16.2
2022-04-05,0.0,33.55,24.24
2022-04-06,0.0,33.83,19.52
2022-04-07,0.0,33.81,20.55
2022-04-08,0.0,34.34,24.6
2022-04-09,0.01,34.83,27.78
2022-04-10,0.0,35.5,24.94
2022-04-11,0.0,35.21,24.12
2022-04-12,0.0,35.64,24.48
2022-04-13,0.0,35.33,25.84
2022-04-14,0.0,35.17,26.9
2022-04-15,0.0,34.93,23.49
2022-04-16,0.0,34.15,20.4
2022-04-17,0.0,34.6,25.98
2022-04-18,0.0,35.63,21.63
2022-04-19,0.0,35.72,17.34
2022-04-20,0.0,35.72,17.16
2022-04-21,0.0,36.0,16.69
2022-04-22,0.05,35.04,28.61
2022-04-23,0.58,31.47,42.62
2022-04-24,0.79,31.59,41.17
2022-04-25,0.0,35.21,24.43
2022-04-26,0.02,35.36,18.22
2022-04-27,0.0,36.22,15.91
2022-04-28,0.0,36.61,20.32
2022-04-29,0.0,36.7,18.66
2022-04-30,0.0,36.6,16.01
2022-05-01,0.02,36.14,17.05
2022-05-02,0.0,36.12,19.59
2022-05-03,0.39,36.21,20.37
2022-05-04,0.63,36.1,28.34
2022-05-05,0.09,36.28,26.67
2022-05-06,0.0,35.72,18.32
2022-05-07,0.0,35.97,19.13
2022-05-08,0.0,36.25,21.66
2022-05-09,0.01,36.66,19.75
2022-05-10,0.0,36.16,21.91
2022-05-11,0.0,34.8,34.72
2022-05-12,0.42,35.5,30.67
2022-05-13,2.86,35.97,30.22
2022-05-14,0.04,36.6,28.34
2022-05-15,2.64,37.22,28.06
2022-05-16,6.75,33.88,45.03
2022-05-17,0.36,31.65,56.56
2022-05-18,0.29,33.67,43.86
2022-05-19,2.49,33.26,45.51
2022-05-20,1.44,32.24,51.55
2022-05-21,0.32,31.49,42.71
2022-05-22,0.0,32.58,41.54
2022-05-23,0.0,33.2,40.15
2022-05-24,0.05,33.96,37.13
2022-05-25,2.17,34.4,38.24
2022-05-26,3.15,34.2,38.54
2022-05-27,0.72,33.16,37.33
2022-05-28,0.0,33.4,37.14
2022-05-29,0.0,34.02,36.73
2022-05-30,0.34,35.15,34.85
2022-05-31,0.71,35.24,35.62
2022-06-01,0.65,34.15,34.86
2022-06-02,0.0,35.68,30.93
2022-06-03,0.0,36.36,26.55
2022-06-04,0.01,35.77,26.77
2022-06-05,0.0,36.77,26.16
2022-06-06,0.0,36.71,28.15
2022-06-07,0.0,36.09,29.82
2022-06-08,4.53,35.82,33.05
2022-06-09,6.28,32.08,52.29
2022-06-10,0.39,30.95,55.0
2022-06-11,9.17,30.46,60.91
2022-06-12,4.91,28.41,71.34
2022-06-13,5.29,27.94,68.62
2022-06-14,2.95,29.55,65.82
2022-06-15,0.71,29.46,64.48
2022-06-16,13.61,28.43,72.49
2022-06-17,0.58,28.56,70.58
2022-06-18,4.91,28.7,72.8
2022-06-19,2.38,28.31,72.6
2022-06-20,8.72,27.79,76.16
2022-06-21,11.12,28.05,72.48
2022-06-22,7.62,26.34,82.18
2022-06-23,12.8,27.61,74.54
2022-06-24,8.27,27.62,75.87
2022-06-25,3.27,27.79,72.71
2022-06-26,1.25,26.99,76.93
2022-06-27,3.06,27.52,72.98
2022-06-28,3.27,27.81,71.68
2022-06-29,3.72,28.66,72.51
2022-06-30,3.44,27.5,74.61
2022-07-01,7.97,28.64,67.03
2022-07-02,12.66,27.8,75.79
2022-07-03,24.45,26.7,82.57
2022-07-04,26.98,25.99,83.49
2022-07-05,21.43,26.53,81.3
2022-07-06,16.31,26.64,81.65
2022-07-07,21.92,25.9,84.76
2022-07-08,54.44,25.74,88.19
2022-07-09,44.4,25.22,91.38
2022-07-10,41.8,25.25,88.54
2022-07-11,25.06,24.71,89.18
2022-07-12,54.18,24.18,91.28
2022-07-13,141.3,24.22,92.63
2022-07-14,19.69,24.11,91.42
2022-07-15,0.79,25.29,86.08
2022-07-16,4.28,26.44,84.02
2022-07-17,14.89,25.35,90.28
2022-07-18,27.65,24.23,89.26
2022-07-19,4.67,25.87,85.17
2022-07-20,10.21,26.51,84.98
2022-07-21,7.13,25.84,87.16
2022-07-22,27.06,24.67,91.73
2022-07-23,23.85,24.53,91.51
2022-07-24,5.5,25.3,88.37
2022-07-25,8.08,25.85,84.46
2022-07-26,27.11,24.54,90.89
2022-07-27,4.75,25.81,86.62
2022-07-28,7.15,25.59,91.11
2022-07-29,8.72,25.97,89.61
2022-07-30,3.72,26.17,87.78
2022-07-31,0.05,26.76,83.32
2022-08-01,0.38,26.44,86.04
2022-08-02,1.19,26.23,87.03
2022-08-03,13.11,26.6,87.37
2022-08-04,20.71,26.11,91.74
2022-08-05,10.8,26.25,88.19
2022-08-06,8.05,25.39,88.61
2022-08-07,18.72,24.59,90.04
2022-08-08,10.95,24.54,90.02
2022-08-09,20.3,24.41,92.51
2022-08-10,4.32,24.16,89.72
2022-08-11,0.12,25.45,86.49
2022-08-12,0.13,25.68,85.12
2022-08-13,6.62,25.34,86.75
2022-08-14,8.54,24.65,90.38
2022-08-15,4.81,24.25,89.56
2022-08-16,0.53,25.22,85.38
2022-08-17,0.16,26.05,83.9
2022-08-18,0.31,25.89,85.28
2022-08-19,0.2,25.97,85.46
2022-08-20,0.53,25.91,86.73
2022-08-21,0.05,25.68,85.81
2022-08-22,0.27,25.65,84.82
2022-08-23,0.02,26.19,84.03
2022-08-24,1.89,26.0,83.28
2022-08-25,1.85,25.91,81.53
2022-08-26,4.05,26.33,83.17
2022-08-27,1.01,25.88,84.65
2022-08-28,0.04,25.27,83.46
2022-08-29,11.64,25.58,81.85
2022-08-30,1.31,26.34,83.76
2022-08-31,1.93,26.4,85.2
2022-09-01,2.7,26.42,85.23
2022-09-02,0.51,26.76,84.11
2022-09-03,3.99,27.69,80.1
2022-09-04,14.95,26.51,87.15
2022-09-05,1.24,25.23,87.72
2022-09-06,2.98,26.22,83.73
2022-09-07,2.04,26.64,82.55
2022-09-08,19.02,26.3,85.58
2022-09-09,23.72,25.87,90.5
2022-09-10,25.9,25.59,92.92
2022-09-11,41.58,25.06,90.85
2022-09-12,14.74,24.75,91.73
2022-09-13,1.88,25.92,86.33
2022-09-14,0.06,25.61,85.26
2022-09-15,0.06,25.85,85.81
2022-09-16,1.52,25.63,87.93
2022-09-17,7.82,25.51,87.52
2022-09-18,2.78,25.73,84.32
2022-09-19,2.21,25.12,90.87
2022-09-20,7.0,24.87,88.8
2022-09-21,2.81,24.36,90.79
2022-09-22,2.4,24.51,88.42
2022-09-23,0.19,23.99,84.61
2022-09-24,0.0,24.75,80.53
2022-09-25,0.01,25.21,82.85
2022-09-26,11.82,25.18,87.17
2022-09-27,1.96,25.69,84.99
2022-09-28,5.84,25.84,86.67
2022-09-29,1.97,26.04,83.82
2022-09-30,0.08,25.88,82.03
2022-10-01,0.85,25.7,84.09
2022-10-02,0.08,25.2,84.39
2022-10-03,0.0,25.38,83.54
2022-10-04,0.0,25.22,85.85
2022-10-05,6.37,25.68,86.63
2022-10-06,12.06,24.66,90.9
2022-10-07,2.96,25.32,89.01
2022-10-08,0.9,25.28,85.51
2022-10-09,6.19,25.58,85.78
2022-10-10,5.44,24.8,90.33
2022-10-11,7.79,25.17,89.09
2022-10-12,3.57,25.09,88.51
2022-10-13,2.07,24.73,90.41
2022-10-14,18.97,24.41,90.98
2022-10-15,3.74,24.52,87.83
2022-10-16,2.27,24.87,88.35
2022-10-17,0.64,25.41,87.11
2022-10-18,0.51,25.59,84.59
2022-10-19,0.54,25.17,86.08
2022-10-20,1.16,25.22,86.59
2022-10-21,2.26,24.14,86.1
2022-10-22,0.12,20.86,79.66
2022-10-23,0.0,20.74,81.11
2022-10-24,0.0,21.13,77.04
2022-10-25,0.0,21.25,70.86
2022-10-26,0.0,21.19,71.21
2022-10-27,0.0,20.72,71.24
2022-10-28,0.0,20.35,69.57
2022-10-29,0.0,19.96,74.71
2022-10-30,0.0,20.23,78.55
2022-10-31,0.0,20.06,79.14
2022-11-01,0.0,20.27,81.15
2022-11-02,0.0,21.91,84.81
2022-11-03,0.0,20.86,80.08
2022-11-04,0.0,21.03,77.13
2022-11-05,0.0,21.49,67.15
2022-11-06,0.0,22.32,64.08
2022-11-07,0.0,22.17,71.45
2022-11-08,0.0,21.96,78.91
2022-11-09,0.0,20.45,80.13
2022-11-10,0.0,19.63,80.83
2022-11-11,0.0,19.83,82.91
2022-11-12,0.0,20.4,82.5
2022-11-13,0.0,19.92,79.98
2022-11-14,0.0,19.75,78.46
2022-11-15,0.0,19.33,75.67
2022-11-16,0.0,18.79,70.1
2022-11-17,0.0,19.49,68.68
2022-11-18,0.0,18.57,75.8
2022-11-19,0.0,18.09,77.64
2022-11-20,0.0,16.78,74.06
2022-11-21,0.0,18.78,73.2
2022-11-22,0.0,20.06,80.26
2022-11-23,0.0,21.96,80.7
2022-11-24,0.0,21.8,80.51
2022-11-25,0.0,21.19,78.57
2022-11-26,0.0,19.56,74.9
2022-11-27,0.0,19.33,67.31
2022-11-28,0.0,19.54,66.48
2022-11-29,0.0,18.97,68.75
2022-11-30,0.0,18.74,68.76
2022-12-01,0.0,19.91,71.05
2022-12-02,0.0,21.07,76.54
2022-12-03,0.0,21.86,76.18
2022-12-04,0.0,21.53,76.97
2022-12-05,0.0,21.07,71.52
2022-12-06,0.0,20.34,74.75
2022-12-07,0.0,20.2,76.81
2022-12-08,0.0,18.23,68.29
2022-12-09,0.0,17.85,63.17
2022-12-10,0.0,20.21,76.08
2022-12-11,0.65,22.35,78.78
2022-12-12,0.67,23.7,79.75
2022-12-13,0.65,24.25,79.37
2022-12-14,0.47,24.77,77.76
2022-12-15,0.0,23.91,72.31
2022-12-16,0.0,23.6,70.71
2022-12-17,0.0,23.53,72.41
2022-12-18,0.0,20.87,63.26
2022-12-19,0.0,19.72,58.3
2022-12-20,0.0,20.57,56.1
2022-12-21,0.0,20.87,58.87
2022-12-22,0.0,21.14,62.55
2022-12-23,0.0,22.18,59.27
2022-12-24,0.0,22.19,60.4
2022-12-25,0.0,22.24,57.06
2022-12-26,0.0,23.31,68.39
2022-12-27,0.0,24.34,73.37
2022-12-28,0.0,23.51,65.8
2022-12-29,0.0,22.18,64.21
2022-12-30,0.0,22.83,57.81
2022-12-31,0.0,21.97,56.26
2023-01-01,0.0,21.0,58.31
2023-01-02,0.0,20.7,62.8
2023-01-03,0.0,21.71,64.44
2023-01-04,0.03,22.66,67.69
2023-01-05,0.0,22.59,69.78
2023-01-06,0.0,21.44,67.58
2023-01-07,0.0,20.13,57.21
2023-01-08,0.0,18.41,42.52
2023-01-09,0.0,18.0,37.36
2023-01-10,0.0,19.79,35.96
2023-01-11,0.0,21.9,32.25
2023-01-12,0.0,21.32,36.02
2023-01-13,0.0,20.95,39.67
2023-01-14,0.0,20.67,44.87
2023-01-15,0.0,20.93,46.26
2023-01-16,0.0,22.62,47.32
2023-01-17,0.0,22.98,40.43
2023-01-18,0.0,22.26,44.66
2023-01-19,0.0,22.62,50.55
2023-01-20,0.0,23.36,50.61
2023-01-21,0.0,23.26,49.99
2023-01-22,0.0,23.12,47.27
2023-01-23,0.0,23.56,53.08
2023-01-24,0.0,24.58,49.53
2023-01-25,0.0,24.61,44.14
2023-01-26,0.0,23.58,40.68
2023-01-27,0.0,23.43,37.59
2023-01-28,0.0,23.52,40.17
2023-01-29,0.0,24.47,42.26
2023-01-30,0.0,25.19,47.3
2023-01-31,0.0,25.47,41.29
2023-02-01,0.0,23.96,44.2
2023-02-02,0.0,21.94,31.82
2023-02-03,0.0,21.32,23.13
2023-02-04,0.0,22.62,23.75
2023-02-05,0.0,23.1,20.84
2023-02-06,0.0,24.29,21.54
2023-02-07,0.0,24.6,25.28
2023-02-08,0.0,23.96,25.5
2023-02-09,0.0,24.43,22.61
2023-02-10,0.0,25.3,19.61
2023-02-11,0.0,25.46,19.33
2023-02-12,0.0,24.29,21.89
2023-02-13,0.0,23.57,20.06
2023-02-14,0.0,24.0,15.14
2023-02-15,0.0,25.59,14.35
2023-02-16,0.0,26.27,16.77
2023-02-17,0.0,25.5,22.05
2023-02-18,0.0,25.03,23.05
2023-02-19,0.0,25.86,22.27
2023-02-20,0.0,26.78,22.54
2023-02-21,0.0,27.88,17.49
2023-02-22,0.0,27.49,12.97
2023-02-23,0.0,27.08,14.32
2023-02-24,0.0,26.88,14.54
2023-02-25,0.0,26.83,14.06
2023-02-26,0.0,27.3,15.95
2023-02-27,0.0,27.05,24.22
2023-02-28,0.0,27.53,28.88
2023-03-01,0.0,27.44,27.99
2023-03-02,0.0,27.89,27.22
2023-03-03,0.0,29.1,25.81
2023-03-04,0.0,29.25,26.48
2023-03-05,0.0,28.72,24.24
2023-03-06,0.0,28.23,22.68
2023-03-07,0.27,26.82,26.41
2023-03-08,0.0,27.86,25.24
2023-03-09,0.0,27.93,25.41
2023-03-10,0.0,29.04,24.25
2023-03-11,0.0,28.46,24.26
2023-03-12,0.0,28.52,24.94
2023-03-13,0.0,28.4,28.25
2023-03-14,0.0,29.07,25.1
2023-03-15,0.06,29.01,22.58
2023-03-16,2.39,28.14,35.22
2023-03-17,5.65,26.21,51.0
2023-03-18,7.98,25.75,61.26
2023-03-19,1.52,26.24,58.88
2023-03-20,0.09,26.84,49.36
2023-03-21,0.0,26.83,42.04
2023-03-22,0.0,27.37,42.2
2023-03-23,0.0,28.0,39.54
2023-03-24,0.0,29.6,34.57
2023-03-25,0.06,30.07,34.78
2023-03-26,0.04,30.59,31.29
2023-03-27,0.0,29.12,23.59
2023-03-28,0.0,29.73,20.99
2023-03-29,0.0,30.99,23.49
2023-03-30,0.0,30.21,20.83
2023-03-31,0.0,29.32,30.6
2023-04-01,0.0,29.46,24.36
2023-04-02,0.0,29.48,24.67
2023-04-03,0.0,30.67,22.76
2023-04-04,0.0,31.06,23.99
2023-04-05,0.0,32.19,23.82
2023-04-06,0.01,32.22,23.6
2023-04-07,1.34,31.56,39.6
2023-04-08,0.3,30.09,43.66
2023-04-09,0.32,31.26,36.25
2023-04-10,0.0,32.83,31.42
2023-04-11,0.0,34.08,28.12
2023-04-12,0.0,34.94,24.24
2023-04-13,0.07,33.84,25.97
2023-04-14,0.03,31.8,34.06
2023-04-15,0.59,30.1,38.88
2023-04-16,0.0,33.38,26.64
2023-04-17,0.12,34.18,20.99
2023-04-18,0.02,35.18,23.99
2023-04-19,0.01,35.52,23.17
2023-04-20,0.16,35.5,22.73
2023-04-21,3.35,34.12,30.7
2023-04-22,1.43,33.19,28.36
2023-04-23,0.0,31.69,28.54
2023-04-24,0.34,32.17,36.11
2023-04-25,7.28,31.31,48.59
2023-04-26,6.55,29.49,57.45
2023-04-27,7.1,29.56,54.93
2023-04-28,6.02,26.21,69.95
2023-04-29,6.11,27.9,63.46
2023-04-30,29.33,27.53,72.26
2023-05-01,2.69,28.19,66.3
2023-05-02,12.65,27.41,71.7
2023-05-03,10.69,27.36,69.73
2023-05-04,9.07,27.81,65.65
2023-05-05,2.42,28.22,65.99
2023-05-06,1.48,29.73,60.53
2023-05-07,0.62,31.39,55.6
2023-05-08,0.77,32.33,50.93
2023-05-09,0.23,32.15,53.51
2023-05-10,0.0,32.43,52.58
2023-05-11,0.0,32.54,46.7
2023-05-12,0.0,32.12,41.63
2023-05-13,0.0,33.17,34.49
2023-05-14,0.0,32.94,34.47
2023-05-15,0.0,32.72,36.63
2023-05-16,0.0,32.2,37.89
2023-05-17,0.0,33.13,38.57
2023-05-18,0.0,34.52,36.84
2023-05-19,0.0,34.84,31.4
2023-05-20,0.0,34.9,29.97
2023-05-21,1.34,35.51,30.79
2023-05-22,0.83,34.97,33.27
2023-05-23,0.0,35.03,34.26
2023-05-24,0.72,35.8,29.8
2023-05-25,0.03,35.15,28.24
2023-05-26,0.0,33.61,27.67
2023-05-27,0.0,34.66,28.99
2023-05-28,0.0,35.49,32.42
2023-05-29,4.65,35.56,33.57
2023-05-30,2.07,33.8,42.59
2023-05-31,0.02,34.49,34.68
2023-06-01,0.0,34.94,28.22
2023-06-02,0.0,35.0,25.48
2023-06-03,0.47,35.51,31.89
2023-06-04,13.27,33.29,44.43
2023-06-05,0.01,32.85,44.87
2023-06-06,0.02,34.17,40.86
2023-06-07,0.97,34.51,39.86
2023-06-08,0.18,34.4,36.76
2023-06-09,0.03,35.3,35.72
2023-06-10,1.0,34.94,39.02
2023-06-11,0.11,34.7,38.74
2023-06-12,0.02,35.37,35.74
2023-06-13,0.0,35.21,36.82
2023-06-14,0.13,34.82,37.61
2023-06-15,0.02,35.15,34.25
2023-06-16,0.0,35.43,36.06
2023-06-17,0.0,32.97,44.38
2023-06-18,0.0,34.11,40.43
2023-06-19,0.0,34.93,33.15
2023-06-20,0.0,35.49,36.0
2023-06-21,0.46,32.57,47.9
2023-06-22,2.79,30.13,58.32
2023-06-23,1.11,31.64,49.0
2023-06-24,6.51,29.67,59.77
2023-06-25,1.44,30.15,55.8
2023-06-26,12.32,27.54,60.13
2023-06-27,5.85,25.22,70.65
2023-06-28,6.65,25.96,74.78
2023-06-29,1.38,28.93,60.56
2023-06-30,0.0,27.84,62.73
2023-07-01,0.11,29.62,59.3
2023-07-02,1.77,29.62,65.4
2023-07-03,0.49,29.36,67.86
2023-07-04,11.09,28.98,75.19
2023-07-05,20.73,26.79,82.01
2023-07-06,13.59,28.0,76.63
2023-07-07,8.59,27.24,76.64
2023-07-08,2.53,28.06,72.24
2023-07-09,0.14,27.49,72.49
2023-07-10,16.88,28.02,73.71
2023-07-11,11.42,26.47,79.0
2023-07-12,7.7,26.14,78.7
2023-07-13,11.02,25.88,78.03
2023-07-14,15.35,27.46,75.18
2023-07-15,7.95,26.51,79.3
2023-07-16,6.15,25.76,81.27
2023-07-17,14.18,26.91,77.68
2023-07-18,57.71,25.67,89.33
2023-07-19,18.93,25.77,86.91
2023-07-20,34.04,25.26,89.71
2023-07-21,14.16,25.16,84.49
2023-07-22,54.16,25.21,89.16
2023-07-23,10.19,26.15,83.31
2023-07-24,21.03,27.09,82.77
2023-07-25,18.72,25.92,87.83
2023-07-26,23.0,25.97,86.88
2023-07-27,94.95,25.74,90.43
2023-07-28,27.03,25.44,89.51
2023-07-29,0.48,25.78,86.6
2023-07-30,4.78,25.92,86.17
2023-07-31,3.25,25.86,87.6
2023-08-01,1.11,26.23,86.07
2023-08-02,0.81,25.8,84.91
2023-08-03,0.17,25.49,84.2
2023-08-04,0.49,26.36,82.25
2023-08-05,1.91,26.52,81.13
2023-08-06,0.4,26.51,81.55
2023-08-07,0.01,25.96,81.11
2023-08-08,0.16,26.33,81.37
2023-08-09,0.01,25.62,84.24
2023-08-10,0.0,26.94,77.59
2023-08-11,0.0,26.85,78.8
2023-08-12,0.04,26.82,79.95
2023-08-13,0.81,25.36,83.07
2023-08-14,1.71,25.81,80.93
2023-08-15,1.63,26.21,79.75
2023-08-16,0.48,26.37,80.38
2023-08-17,0.13,26.7,80.21
2023-08-18,19.71,24.63,88.96
2023-08-19,24.22,24.33,91.35
2023-08-20,4.66,25.48,85.94
2023-08-21,0.5,26.2,81.32
2023-08-22,0.95,26.37,81.97
2023-08-23,2.67,25.38,85.46
2023-08-24,1.32,26.34,81.73
2023-08-25,1.57,26.42,81.64
2023-08-26,1.33,26.36,83.53
2023-08-27,3.55,26.47,83.16
2023-08-28,0.3,26.36,79.54
2023-08-29,0.31,26.19,79.82
2023-08-30,0.04,26.17,79.77
2023-08-31,0.03,26.15,80.68
2023-09-01,0.01,27.43,78.89
2023-09-02,1.54,27.67,80.07
2023-09-03,25.07,26.45,86.23
2023-09-04,24.04,26.12,86.3
2023-09-05,26.48,25.97,87.31
2023-09-06,11.14,25.8,86.61
2023-09-07,16.85,25.08,91.13
2023-09-08,5.29,25.44,88.46
2023-09-09,7.75,25.81,88.48
2023-09-10,4.05,25.32,88.84
2023-09-11,3.64,26.04,83.97
2023-09-12,1.6,26.05,83.63
2023-09-13,1.0,25.4,83.77
2023-09-14,2.52,24.92,86.78
2023-09-15,1.47,24.51,87.11
2023-09-16,0.11,25.05,84.8
2023-09-17,0.16,26.02,81.33
2023-09-18,0.23,26.34,81.99
2023-09-19,0.01,26.95,79.68
2023-09-20,2.42,26.26,83.92
2023-09-21,6.47,25.16,91.56
2023-09-22,4.23,25.96,87.18
2023-09-23,8.25,26.23,86.78
2023-09-24,14.37,25.58,89.93
2023-09-25,12.84,25.56,89.29
2023-09-26,2.88,25.68,88.48
2023-09-27,0.23,25.89,88.19
2023-09-28,7.26,26.28,87.25
2023-09-29,23.75,26.29,85.39
2023-09-30,3.46,26.48,83.14
2023-10-01,1.21,26.58,82.33
2023-10-02,0.15,25.69,85.43
2023-10-03,0.04,25.57,81.95
2023-10-04,0.0,25.09,77.86
2023-10-05,0.0,24.21,77.89
2023-10-06,0.0,24.31,80.34
2023-10-07,0.0,25.26,79.56
2023-10-08,0.0,25.74,77.34
2023-10-09,0.0,25.75,77.79
2023-10-10,0.0,25.32,79.23
2023-10-11,0.0,24.97,77.39
2023-10-12,0.0,25.0,77.27
2023-10-13,0.0,25.19,76.96
2023-10-14,0.0,25.12,76.82
2023-10-15,0.0,25.1,75.74
2023-10-16,0.0,24.81,77.15
2023-10-17,0.0,24.57,78.18
2023-10-18,0.01,24.6,78.09
2023-10-19,0.02,24.87,78.21
2023-10-20,0.01,24.42,81.06
2023-10-21,0.0,23.53,83.14
2023-10-22,0.0,22.47,78.33
2023-10-23,0.0,22.97,78.46
2023-10-24,0.0,22.32,75.37
2023-10-25,0.0,21.82,71.51
2023-10-26,0.0,21.64,70.74
2023-10-27,0.0,21.53,67.14
2023-10-28,0.0,20.84,68.4
2023-10-29,0.0,20.88,68.84
2023-10-30,0.0,20.81,72.43
2023-10-31,0.0,21.19,76.2
2023-11-01,0.0,21.88,75.91
2023-11-02,0.0,22.35,74.56
2023-11-03,0.0,23.46,74.58
2023-11-04,0.0,23.44,74.7
2023-11-05,0.0,23.33,74.24
2023-11-06,0.0,23.7,81.3
2023-11-07,0.08,23.95,74.91
2023-11-08,6.39,23.38,75.92
2023-11-09,1.12,23.76,73.18
2023-11-10,0.0,23.58,68.14
2023-11-11,0.0,23.26,65.46
2023-11-12,0.0,23.54,67.61
2023-11-13,0.0,23.05,71.77
2023-11-14,0.0,22.29,69.27
2023-11-15,0.0,21.24,66.79
2023-11-16,0.0,20.67,68.95
2023-11-17,0.0,21.1,68.4
2023-11-18,0.0,22.57,66.98
2023-11-19,0.0,23.64,69.17
2023-11-20,0.0,23.01,69.51
2023-11-21,0.0,22.92,70.11
2023-11-22,0.0,23.23,71.62
2023-11-23,0.01,23.47,71.23
2023-11-24,0.32,23.25,77.68
2023-11-25,0.29,22.64,77.83
2023-11-26,4.16,22.46,78.74
2023-11-27,6.67,23.39,79.15
2023-11-28,20.91,24.09,77.74
2023-11-29,6.6,23.05,78.86
2023-11-30,0.89,23.08,76.29
2023-12-01,0.49,23.31,73.24
2023-12-02,0.0,23.63,70.49
2023-12-03,0.07,23.66,69.49
2023-12-04,0.12,23.19,73.3
2023-12-05,0.03,22.38,76.65
2023-12-06,0.81,20.45,85.17
2023-12-07,0.27,22.29,77.21
2023-12-08,0.0,21.8,74.38
2023-12-09,0.0,21.12,69.43
2023-12-10,0.0,20.47,66.67
2023-12-11,0.0,20.37,66.45
2023-12-12,0.0,20.84,66.9
2023-12-13,0.0,21.17,67.27
2023-12-14,0.0,20.77,69.46
2023-12-15,0.0,19.69,67.9
2023-12-16,0.0,18.97,66.06
2023-12-17,0.0,19.56,61.71
2023-12-18,0.0,19.09,63.18
2023-12-19,0.0,17.88,58.26
2023-12-20,0.0,17.16,57.1
2023-12-21,0.0,18.06,52.46
2023-12-22,0.0,19.41,50.94
2023-12-23,0.0,19.96,53.69
2023-12-24,0.0,19.97,57.0
2023-12-25,0.0,20.02,55.71
2023-12-26,0.0,20.39,57.23
2023-12-27,0.0,20.26,61.45
2023-12-28,0.0,20.72,62.43
2023-12-29,0.0,21.53,66.21
2023-12-30,0.0,21.78,61.84
2023-12-31,0.0,21.84,55.99
2024-01-01,0.0,21.66,59.49
2024-01-02,0.0,22.01,60.85
2024-01-03,0.0,22.9,59.64
2024-01-04,0.0,23.87,56.7
2024-01-05,0.0,23.48,53.72
2024-01-06,0.0,23.09,51.93
2024-01-07,0.0,23.13,51.11
2024-01-08,0.0,23.22,49.26
2024-01-09,0.0,22.84,49.83
2024-01-10,0.0,23.85,49.19
2024-01-11,0.0,24.02,49.38
2024-01-12,0.0,23.78,53.14
2024-01-13,0.0,24.16,52.36
2024-01-14,0.0,24.15,47.66
2024-01-15,0.0,22.82,40.77
2024-01-16,0.0,22.77,39.81
2024-01-17,0.0,24.26,47.04
2024-01-18,0.0,24.26,42.06
2024-01-19,0.0,24.4,49.58
2024-01-20,0.0,25.99,45.81
2024-01-21,0.0,24.68,49.86
2024-01-22,0.0,23.65,38.81
2024-01-23,0.0,23.61,42.96
2024-01-24,0.0,20.83,33.63
2024-01-25,0.0,19.29,31.71
2024-01-26,0.0,20.67,36.65
2024-01-27,0.0,21.93,30.66
2024-01-28,0.0,22.42,29.42
2024-01-29,0.0,23.39,38.89
2024-01-30,0.0,23.66,39.15
2024-01-31,0.0,24.93,36.2
2024-02-01,0.01,24.22,32.97
2024-02-02,0.04,23.7,37.74
2024-02-03,0.0,23.94,42.8
2024-02-04,0.0,25.33,37.34
2024-02-05,0.0,26.98,34.18
2024-02-06,0.0,27.02,33.87
2024-02-07,0.0,27.18,32.67
2024-02-08,0.0,24.99,34.72
2024-02-09,0.0,24.84,34.59
2024-02-10,0.0,26.39,39.12
2024-02-11,0.1,28.07,38.58
2024-02-12,0.0,28.82,37.44
2024-02-13,0.0,28.14,30.71
2024-02-14,0.0,27.57,31.86
2024-02-15,0.0,28.77,26.97
2024-02-16,0.0,27.43,25.85
2024-02-17,0.0,26.64,24.24
2024-02-18,0.0,26.75,23.62
2024-02-19,0.0,27.2,22.93
2024-02-20,0.0,27.8,24.01
2024-02-21,0.0,26.68,23.63
2024-02-22,0.0,25.82,31.88
2024-02-23,0.0,24.62,26.06
2024-02-24,0.0,25.57,22.48
2024-02-25,0.0,26.36,29.45
2024-02-26,0.03,29.08,42.82
2024-02-27,0.0,29.49,36.64
2024-02-28,0.0,29.95,31.54
2024-02-29,0.0,29.89,31.52
2024-03-01,0.0,30.12,27.76
2024-03-02,0.0,30.44,30.11
2024-03-03,0.0,29.69,33.15
2024-03-04,0.0,27.72,23.83
2024-03-05,0.0,28.0,20.87
2024-03-06,0.0,29.82,23.41
2024-03-07,0.0,28.01,19.6
2024-03-08,0.0,27.78,19.12
2024-03-09,0.0,28.36,19.02
2024-03-10,0.0,29.82,23.35
2024-03-11,0.0,30.85,25.82
2024-03-12,0.0,30.55,21.78
2024-03-13,0.0,30.3,22.38
2024-03-14,0.0,29.29,19.3
2024-03-15,0.13,29.56,19.72
2024-03-16,9.19,31.11,39.8
2024-03-17,2.13,29.54,52.79
2024-03-18,1.48,29.14,50.48
2024-03-19,1.34,28.9,40.79
2024-03-20,1.48,26.7,43.51
2024-03-21,0.0,27.64,40.92
2024-03-22,0.0,29.53,30.76
2024-03-23,0.0,30.72,24.77
2024-03-24,0.02,31.28,29.29
2024-03-25,1.04,32.27,30.21
2024-03-26,2.25,31.64,32.92
2024-03-27,0.0,33.21,29.39
2024-03-28,0.0,33.32,28.49
2024-03-29,0.0,34.53,25.76
2024-03-30,0.75,34.47,28.68
2024-03-31,0.03,33.32,30.8
2024-04-01,0.0,34.28,26.67
2024-04-02,0.0,33.64,20.27
2024-04-03,0.0,33.83,24.07
2024-04-04,0.0,34.36,22.04
2024-04-05,0.0,33.96,20.07
2024-04-06,0.0,33.38,20.3
2024-04-07,0.21,34.54,21.07
2024-04-08,0.28,34.59,27.05
2024-04-09,0.84,33.42,33.96
2024-04-10,0.6,33.72,34.37
2024-04-11,0.44,31.54,35.63
2024-04-12,8.01,30.89,38.77
2024-04-13,1.74,30.94,47.59
2024-04-14,0.0,32.58,42.24
2024-04-15,0.0,34.4,35.3
2024-04-16,0.0,35.19,32.79
2024-04-17,0.0,36.25,31.25
2024-04-18,0.0,35.6,31.58
2024-04-19,0.22,34.69,33.23
2024-04-20,4.17,34.78,36.51
2024-04-21,0.05,34.36,39.02
2024-04-22,1.04,33.15,39.76
2024-04-23,3.54,33.46,40.32
2024-04-24,0.99,32.76,43.67
2024-04-25,0.01,34.14,32.01
2024-04-26,0.02,35.56,26.66
2024-04-27,0.17,35.86,28.43
2024-04-28,2.29,36.61,27.97
2024-04-29,0.18,36.28,31.39
2024-04-30,1.24,36.38,30.33
2024-05-01,0.0,35.03,21.8
2024-05-02,0.0,33.48,14.8
2024-05-03,0.0,33.35,12.43
2024-05-04,0.0,34.0,12.56
2024-05-05,0.0,35.27,19.85
2024-05-06,0.0,36.2,22.05
2024-05-07,0.84,36.61,28.05
2024-05-08,3.84,34.31,40.17
2024-05-09,0.91,34.25,41.56
2024-05-10,0.11,34.44,38.34
2024-05-11,0.21,34.6,38.3
2024-05-12,6.7,33.97,44.21
2024-05-13,2.88,32.2,52.1
2024-05-14,17.85,31.86,53.13
2024-05-15,0.08,30.81,57.25
2024-05-16,7.46,30.5,61.85
2024-05-17,0.88,29.56,65.3
2024-05-18,0.02,30.82,56.51
2024-05-19,0.07,32.07,55.5
2024-05-20,0.05,32.97,51.8
2024-05-21,0.0,34.37,45.87
2024-05-22,0.29,35.0,44.2
2024-05-23,2.39,35.22,44.19
2024-05-24,3.16,36.23,40.09
2024-05-25,0.14,37.01,30.54
2024-05-26,0.0,37.1,29.45
2024-05-27,0.0,37.77,29.26
2024-05-28,0.0,35.21,34.48
2024-05-29,0.0,36.21,31.63
2024-05-30,0.0,36.32,33.88
2024-05-31,0.0,36.76,28.24
2024-06-01,0.23,37.37,27.31
2024-06-02,0.1,36.88,31.1
2024-06-03,3.51,33.77,46.3
2024-06-04,1.05,32.67,50.82
2024-06-05,7.51,31.09,57.95
2024-06-06,4.02,30.82,64.31
2024-06-07,2.35,30.54,63.03
2024-06-08,4.44,30.66,60.53
2024-06-09,7.38,30.01,65.89
2024-06-10,9.91,30.31,67.37
2024-06-11,0.88,30.47,62.36
2024-06-12,1.46,29.61,65.76
2024-06-13,1.29,29.89,63.8
2024-06-14,1.56,29.55,66.76
2024-06-15,0.14,30.03,62.97
2024-06-16,11.9,30.05,67.79
2024-06-17,4.01,29.29,71.1
2024-06-18,0.21,29.54,69.49
2024-06-19,2.03,27.96,71.02
2024-06-20,8.75,27.9,72.56
2024-06-21,8.6,27.95,74.97
2024-06-22,13.49,28.54,72.74
2024-06-23,11.92,27.54,78.42
2024-06-24,0.12,29.5,69.23
2024-06-25,1.79,29.89,67.72
2024-06-26,1.9,28.24,72.93
2024-06-27,4.58,27.48,72.81
2024-06-28,10.06,26.25,75.42
2024-06-29,8.22,27.16,77.12
2024-06-30,7.67,28.46,73.78
2024-07-01,4.6,28.4,71.9
2024-07-02,8.31,28.04,74.87
2024-07-03,3.99,28.84,71.38
2024-07-04,0.7,28.61,71.75
2024-07-05,4.54,28.61,71.91
2024-07-06,17.32,28.13,75.19
2024-07-07,23.35,27.28,80.17
2024-07-08,8.3,27.98,79.49
2024-07-09,0.35,27.85,78.0
2024-07-10,0.42,27.08,77.64
2024-07-11,0.17,28.0,70.52
2024-07-12,4.24,26.84,77.96
2024-07-13,10.96,26.24,82.99
2024-07-14,3.56,26.9,82.67
2024-07-15,24.76,26.4,85.7
2024-07-16,24.37,24.82,86.48
2024-07-17,4.62,26.06,80.35
2024-07-18,10.34,26.32,84.16
2024-07-19,6.92,26.53,80.88
2024-07-20,25.06,25.27,90.18
2024-07-21,26.96,25.38,90.17
2024-07-22,3.12,25.52,85.45
2024-07-23,5.32,25.23,85.94
2024-07-24,13.89,25.26,86.12
2024-07-25,14.42,25.55,83.7
2024-07-26,7.94,25.37,83.43
2024-07-27,16.42,25.15,88.16
2024-07-28,6.16,24.96,87.13
2024-07-29,2.42,26.87,81.43
2024-07-30,10.94,27.17,80.46
2024-07-31,10.06,27.17,82.65
2024-08-01,26.0,26.54,85.95
2024-08-02,8.39,26.0,84.93
2024-08-03,2.63,25.87,84.88
2024-08-04,4.74,25.93,85.12
2024-08-05,3.82,26.57,82.94
2024-08-06,3.73,26.35,84.12
2024-08-07,10.61,25.97,85.51
2024-08-08,2.82,26.01,84.4
2024-08-09,1.45,26.41,82.77
2024-08-10,2.08,26.89,80.48
2024-08-11,3.72,27.0,82.92
2024-08-12,0.25,26.77,83.21
2024-08-13,0.01,27.65,80.22
2024-08-14,0.01,27.89,79.81
2024-08-15,6.33,26.55,89.6
2024-08-16,20.91,26.73,87.75
2024-08-17,3.28,27.62,80.95
2024-08-18,3.82,27.63,82.88
2024-08-19,24.7,26.37,90.86
2024-08-20,3.76,26.59,81.81
2024-08-21,1.22,26.7,84.87
2024-08-22,1.95,27.21,84.26
2024-08-23,13.37,26.39,86.61
2024-08-24,22.82,25.97,86.05
2024-08-25,4.75,25.77,84.23
2024-08-26,0.33,25.93,82.76
2024-08-27,2.67,26.31,81.9
2024-08-28,0.41,26.19,82.87
2024-08-29,0.99,26.3,82.83
2024-08-30,1.53,26.11,84.74
2024-08-31,19.3,25.3,90.38
2024-09-01,55.38,25.13,94.28
2024-09-02,34.04,25.56,91.29
2024-09-03,25.99,24.67,88.51
2024-09-04,12.75,24.84,90.68
2024-09-05,2.8,25.89,87.83
2024-09-06,2.77,26.35,86.93
2024-09-07,7.16,25.44,89.44
2024-09-08,2.86,25.36,89.03
2024-09-09,0.21,25.01,88.83
2024-09-10,4.49,24.37,91.1
2024-09-11,0.31,25.88,83.26
2024-09-12,1.25,25.71,84.36
2024-09-13,0.11,25.05,83.59
2024-09-14,0.0,25.24,83.08
2024-09-15,0.35,24.86,83.85
2024-09-16,0.26,24.87,83.69
2024-09-17,0.0,25.01,82.39
2024-09-18,0.0,24.87,82.4
2024-09-19,0.22,25.68,82.92
2024-09-20,7.21,26.13,84.44
2024-09-21,12.8,26.12,86.66
2024-09-22,7.39,26.12,88.3
2024-09-23,7.86,26.53,88.04
2024-09-24,7.66,26.78,88.0
2024-09-25,4.38,26.38,89.64
2024-09-26,8.59,25.92,86.86
2024-09-27,1.61,25.92,87.69
2024-09-28,0.28,26.09,84.24
2024-09-29,0.05,27.0,79.86
2024-09-30,0.12,26.98,81.6
2024-10-01,0.28,27.38,81.87
2024-10-02,0.3,27.31,82.31
2024-10-03,0.23,26.66,85.13
2024-10-04,0.03,26.22,84.4
2024-10-05,0.01,26.44,83.39
2024-10-06,0.0,25.89,82.45
2024-10-07,0.08,25.08,84.26
2024-10-08,2.43,24.81,86.42
2024-10-09,0.29,25.37,86.52
2024-10-10,4.18,25.66,86.37
2024-10-11,1.97,25.47,87.4
2024-10-12,0.34,25.63,87.21
2024-10-13,2.62,26.17,85.66
2024-10-14,0.16,26.13,85.83
2024-10-15,0.65,26.23,85.24
2024-10-16,4.02,26.17,86.95
2024-10-17,0.45,26.11,86.19
2024-10-18,1.67,25.29,90.37
2024-10-19,4.42,25.84,88.28
2024-10-20,4.58,24.78,86.68
2024-10-21,13.67,25.16,82.53
2024-10-22,0.86,25.2,84.21
2024-10-23,0.06,24.67,82.65
2024-10-24,0.0,24.07,82.19
2024-10-25,0.0,23.75,82.09
2024-10-26,0.0,24.34,82.28
2024-10-27,0.0,23.37,81.18
2024-10-28,0.0,24.01,78.18
2024-10-29,0.0,25.45,75.86
2024-10-30,0.15,25.15,81.84
2024-10-31,0.41,24.85,84.31
2024-11-01,0.51,23.96,82.23
2024-11-02,0.01,23.06,78.03
2024-11-03,0.0,22.87,78.23
2024-11-04,0.0,22.82,73.97
2024-11-05,0.0,23.17,73.98
2024-11-06,0.0,22.74,77.16
2024-11-07,0.0,22.12,79.52
2024-11-08,0.0,22.27,77.04
2024-11-09,0.0,22.25,74.79
2024-11-10,0.0,21.76,76.54
2024-11-11,0.0,21.45,76.35
2024-11-12,0.0,20.98,76.63
2024-11-13,0.0,21.4,75.68
2024-11-14,0.0,21.98,74.84
2024-11-15,0.0,22.17,73.99
2024-11-16,0.0,21.25,73.89
2024-11-17,0.0,20.03,71.46
2024-11-18,0.0,19.64,72.91
2024-11-19,0.0,19.53,73.07
2024-11-20,0.0,19.67,73.01
2024-11-21,0.0,19.4,73.49
2024-11-22,0.0,19.13,73.65
2024-11-23,0.0,19.33,71.62
2024-11-24,0.0,18.91,71.82
2024-11-25,0.0,18.78,70.83
2024-11-26,0.0,18.82,69.14
2024-11-27,0.0,18.71,70.92
2024-11-28,0.0,18.36,67.77
2024-11-29,0.0,19.15,72.08
2024-11-30,0.0,21.38,79.08
2024-12-01,0.01,22.97,80.33
2024-12-02,1.17,23.55,82.41
2024-12-03,0.54,24.51,79.8
2024-12-04,0.37,24.57,81.59
2024-12-05,0.88,25.1,78.96
2024-12-06,0.05,25.04,76.04
2024-12-07,0.12,25.57,75.55
2024-12-08,0.38,25.42,75.46
2024-12-09,0.22,22.13,61.06
2024-12-10,0.0,18.53,56.27
2024-12-11,0.0,18.03,54.25
2024-12-12,0.0,18.6,56.6
2024-12-13,0.0,17.85,57.22
2024-12-14,0.0,17.29,57.25
2024-12-15,0.0,16.63,52.11
2024-12-16,0.0,16.74,51.65
2024-12-17,0.0,18.04,52.52
2024-12-18,0.0,18.18,52.26
2024-12-19,0.0,20.25,61.69
2024-12-20,0.0,22.61,75.6
2024-12-21,0.0,22.32,67.2
2024-12-22,0.0,21.5,57.39
2024-12-23,0.0,22.24,56.69
2024-12-24,0.0,22.96,60.3
2024-12-25,0.0,22.99,68.85
2024-12-26,0.16,21.9,75.75
2024-12-27,0.1,24.24,68.13
2024-12-28,0.0,24.84,61.05
2024-12-29,0.0,24.38,59.41
2024-12-30,0.0,23.45,60.99
2024-12-31,0.0,23.11,57.71
2025-01-01,0.0,21.14,57.19
2025-01-02,0.0,20.18,42.64
2025-01-03,0.0,19.84,37.59
2025-01-04,0.0,20.12,38.03
2025-01-05,0.0,20.95,35.62
2025-01-06,0.0,21.13,49.55
2025-01-07,0.0,20.99,47.67
2025-01-08,0.0,18.94,46.46
2025-01-09,0.0,19.04,37.87
2025-01-10,0.0,20.76,52.14
2025-01-11,0.0,22.74,56.05
2025-01-12,0.0,23.49,55.71
2025-01-13,0.0,23.11,52.02
2025-01-14,0.0,22.57,54.2
2025-01-15,0.0,21.9,53.21
2025-01-16,0.0,22.99,49.36
2025-01-17,0.0,22.31,45.14
2025-01-18,0.0,21.18,47.74
2025-01-19,0.0,21.95,40.37
2025-01-20,0.0,21.48,33.89
2025-01-21,0.0,22.54,29.3
2025-01-22,0.0,23.64,31.26
2025-01-23,0.0,24.01,40.97
2025-01-24,0.0,24.93,45.93
2025-01-25,0.0,25.06,41.03
2025-01-26,0.0,24.59,37.21
2025-01-27,0.0,24.84,32.94
2025-01-28,0.0,25.31,31.8
2025-01-29,0.0,26.03,35.04
2025-01-30,0.0,26.12,37.82
2025-01-31,0.0,26.14,31.41
2025-02-01,0.0,26.24,28.63
2025-02-02,0.0,26.71,31.93
2025-02-03,0.0,26.97,32.09
2025-02-04,0.0,27.37,28.72
2025-02-05,0.0,26.68,30.4
2025-02-06,0.0,26.66,34.95
2025-02-07,0.0,26.17,35.38
2025-02-08,0.0,26.17,32.15
2025-02-09,0.0,26.77,30.16
2025-02-10,0.0,27.43,29.34
2025-02-11,0.0,27.73,32.86
2025-02-12,0.0,26.61,24.4
2025-02-13,0.0,25.25,21.02
2025-02-14,0.0,24.54,19.79
2025-02-15,0.0,25.64,19.6
2025-02-16,0.0,27.52,17.42
2025-02-17,0.0,28.08,16.91
2025-02-18,0.0,27.99,19.33
2025-02-19,0.0,27.87,22.86
2025-02-20,0.0,27.18,25.67
2025-02-21,0.0,26.93,23.71
2025-02-22,0.0,27.21,23.37
2025-02-23,0.0,26.56,24.28
2025-02-24,0.0,26.31,19.48
2025-02-25,0.0,26.25,22.53
2025-02-26,0.0,26.57,27.12
2025-02-27,0.0,27.01,24.52
2025-02-28,0.0,27.94,25.47
2025-03-01,0.0,28.8,31.81
2025-03-02,0.0,29.9,26.13
2025-03-03,0.0,29.56,22.63
2025-03-04,0.0,29.5,20.92
2025-03-05,0.0,26.65,14.99
2025-03-06,0.0,24.48,6.55
2025-03-07,0.0,26.84,8.7
2025-03-08,0.0,28.45,11.78
2025-03-09,0.0,28.39,17.14
2025-03-10,0.0,28.72,32.42
2025-03-11,0.0,29.08,28.25
2025-03-12,0.0,30.37,24.68
2025-03-13,0.0,31.61,19.91
2025-03-14,0.0,31.91,17.38
2025-03-15,0.0,31.47,20.47
2025-03-16,0.0,32.72,22.35
2025-03-17,0.0,31.78,21.16
2025-03-18,0.0,31.97,20.79
2025-03-19,0.0,32.35,21.33
2025-03-20,0.02,33.24,26.17
2025-03-21,3.34,31.52,32.74
2025-03-22,0.59,30.96,36.25
2025-03-23,1.2,30.39,32.89
2025-03-24,0.01,29.82,26.49
2025-03-25,0.0,29.71,21.32
2025-03-26,0.0,30.65,18.81
2025-03-27,0.0,31.83,21.24
2025-03-28,0.0,31.78,24.12
2025-03-29,0.0,31.99,19.45
2025-03-30,0.0,32.39,19.53
2025-03-31,0.0,33.43,21.15
2025-04-01,0.14,32.83,29.68
2025-04-02,0.02,31.6,34.38
2025-04-03,5.7,31.17,39.16
2025-04-04,0.0,31.56,38.0
2025-04-05,0.0,32.2,31.29
2025-04-06,0.03,32.68,25.75
2025-04-07,0.0,33.05,19.55
2025-04-08,0.0,32.84,27.21
2025-04-09,0.06,33.18,28.98
2025-04-10,0.02,34.37,24.26
2025-04-11,4.2,32.59,24.73
2025-04-12,0.0,32.71,22.59
2025-04-13,0.0,32.57,22.69
2025-04-14,0.0,33.27,21.74
2025-04-15,0.0,34.37,19.24
2025-04-16,0.0,34.86,21.44
2025-04-17,0.14,35.05,21.65
2025-04-18,0.0,35.3,24.11
2025-04-19,0.07,35.93,23.02
2025-04-20,0.0,35.46,18.45
2025-04-21,0.0,35.3,18.77
2025-04-22,0.0,36.02,22.45
2025-04-23,0.0,36.24,15.95
2025-04-24,0.06,35.65,14.18
2025-04-25,0.0,36.21,18.37
2025-04-26,0.33,35.93,24.63
2025-04-27,1.55,35.25,26.73
2025-04-28,0.0,35.41,21.28
2025-04-29,0.0,35.4,20.1
2025-04-30,0.39,35.84,19.08
2025-05-01,0.0,35.35,17.41
2025-05-02,0.1,35.43,21.16
2025-05-03,0.0,35.44,16.85
2025-05-04,0.0,34.26,17.46
2025-05-05,0.33,34.05,25.49
2025-05-06,3.9,32.12,29.92
2025-05-07,0.97,31.57,28.59
2025-05-08,0.0,31.42,31.58
2025-05-09,0.43,33.2,34.01
2025-05-10,0.38,34.44,33.61
2025-05-11,1.6,35.43,32.61
2025-05-12,1.63,35.06,35.6
2025-05-13,2.24,34.88,35.95
2025-05-14,2.82,34.27,40.67
2025-05-15,2.76,33.62,45.68
2025-05-16,5.03,29.77,64.9
2025-05-17,0.89,32.23,54.95
2025-05-18,2.86,31.46,58.39
2025-05-19,1.96,31.75,59.03
2025-05-20,21.53,31.8,61.0
2025-05-21,14.66,30.76,67.01
2025-05-22,23.14,29.18,69.09
2025-05-23,5.32,27.81,76.82
2025-05-24,13.03,27.59,79.25
2025-05-25,0.66,28.58,72.8
2025-05-26,1.4,28.15,76.48
2025-05-27,24.99,28.86,76.25
2025-05-28,20.8,27.48,80.94
2025-05-29,17.05,28.72,76.32
2025-05-30,1.66,29.12,73.06
2025-05-31,0.02,29.39,63.58
2025-06-01,0.6,28.91,67.21
2025-06-02,0.22,28.82,67.14
2025-06-03,0.05,29.51,63.2
2025-06-04,0.04,29.33,63.74
2025-06-05,7.94,29.12,67.14
2025-06-06,0.02,31.11,59.42
2025-06-07,0.39,31.09,59.32
2025-06-08,9.7,30.19,65.68
2025-06-09,6.98,30.67,61.86
2025-06-10,22.47,29.54,68.25
2025-06-11,2.67,28.3,72.04
2025-06-12,13.53,27.78,80.66
2025-06-13,7.3,28.34,78.5
2025-06-14,0.2,29.04,73.98
2025-06-15,0.03,28.87,74.33
2025-06-16,2.05,28.49,71.61
2025-06-17,0.54,29.1,66.93
2025-06-18,0.08,29.13,67.03
2025-06-19,6.25,27.35,76.47
2025-06-20,0.17,29.15,67.35
2025-06-21,4.63,28.83,68.39
2025-06-22,0.22,28.86,65.95
2025-06-23,1.45,28.62,67.39
2025-06-24,3.56,27.63,71.62
2025-06-25,42.36,26.34,83.83
2025-06-26,14.8,26.37,80.37
2025-06-27,1.2,27.94,72.65
2025-06-28,0.15,27.57,71.05
2025-06-29,2.64,26.81,74.29
2025-06-30,8.35,26.07,80.13
2025-07-01,17.82,25.79,84.02
2025-07-02,6.07,25.97,81.46
2025-07-03,4.03,27.18,75.77
2025-07-04,5.93,26.87,77.56
2025-07-05,11.35,26.85,78.38
2025-07-06,6.61,26.6,79.01
2025-07-07,8.22,25.14,83.87
2025-07-08,4.34,25.59,80.54
2025-07-09,12.22,26.11,80.9
2025-07-10,2.49,26.51,78.13
2025-07-11,0.62,27.13,76.81
2025-07-12,0.3,27.79,73.68
2025-07-13,0.02,27.58,73.52
2025-07-14,0.0,27.64,73.81
2025-07-15,0.49,28.2,74.51
2025-07-16,1.94,26.71,80.94
2025-07-17,0.79,26.9,82.05
2025-07-18,6.58,27.28,79.94
2025-07-19,1.69,26.66,77.99
2025-07-20,0.01,28.19,69.01
2025-07-21,12.39,27.63,78.27
2025-07-22,6.45,27.67,80.12
2025-07-23,17.97,26.85,80.79
2025-07-24,17.01,25.27,86.43
2025-07-25,18.54,25.55,87.34
2025-07-26,26.03,24.97,88.78
2025-07-27,4.47,26.76,76.74
2025-07-28,1.7,26.81,75.41
2025-07-29,3.94,24.93,83.04
2025-07-30,0.64,25.63,81.34
2025-07-31,1.29,26.88,77.3
2025-08-01,0.5,26.73,78.29
2025-08-02,0.09,27.57,74.89
2025-08-03,2.55,27.47,76.65
2025-08-04,2.02,27.87,79.16
2025-08-05,12.32,27.26,83.71
2025-08-06,18.49,27.24,83.0
2025-08-07,20.81,27.31,82.69
2025-08-08,5.47,26.18,82.85
2025-08-09,3.41,25.51,84.65
2025-08-10,4.27,25.34,84.14
2025-08-11,2.57,26.03,80.62
2025-08-12,4.55,26.53,80.87
2025-08-13,12.8,25.27,88.08
2025-08-14,23.35,25.1,90.36
2025-08-15,13.1,25.8,87.2
2025-08-16,42.36,24.79,92.39
2025-08-17,23.77,25.19,88.18
2025-08-18,22.75,24.87,91.8
2025-08-19,17.74,24.7,90.03
2025-08-20,3.9,25.43,85.55
2025-08-21,0.28,25.4,84.9
2025-08-22,0.03,26.16,81.0
2025-08-23,0.26,25.53,82.29
2025-08-24,0.01,24.6,84.06
2025-08-25,0.0,25.66,81.21
2025-08-26,15.77,25.82,84.87
2025-08-27,46.57,25.32,89.93
2025-08-28,62.65,24.55,94.47
2025-08-29,11.55,25.81,87.09
2025-08-30,5.32,26.08,85.53
2025-08-31,2.08,25.96,87.12
2025-09-01,10.41,25.64,88.14
2025-09-02,15.87,25.14,89.71
2025-09-03,8.36,24.2,90.98
2025-09-04,4.15,25.13,86.45
2025-09-05,2.67,24.97,86.68
2025-09-06,1.2,25.48,86.35
2025-09-07,0.04,25.92,81.9
2025-09-08,11.55,25.77,83.8
2025-09-09,0.98,26.31,80.52
2025-09-10,15.69,25.67,88.11
2025-09-11,41.2,24.71,90.16
2025-09-12,23.26,23.7,94.61
2025-09-13,10.86,24.12,93.88
2025-09-14,4.82,26.41,89.68
2025-09-15,10.84,26.39,90.41
2025-09-16,8.93,25.99,88.07
2025-09-17,6.02,26.39,82.06
2025-09-18,2.17,27.0,81.87
2025-09-19,1.62,26.99,83.37
2025-09-20,10.75,26.25,89.41
2025-09-21,12.21,25.45,93.29
2025-09-22,13.66,25.4,91.03
2025-09-23,9.98,25.45,89.78
2025-09-24,1.86,25.28,88.83
2025-09-25,17.01,24.16,91.6
2025-09-26,16.8,25.31,91.52
2025-09-27,34.9,24.6,93.89
2025-09-28,7.19,25.38,89.43
2025-09-29,0.01,24.62,87.68
2025-09-30,0.0,24.27,85.73
2025-10-01,0.0,25.05,84.14
2025-10-02,0.0,24.78,87.31
2025-10-03,0.21,25.0,87.13
2025-10-04,0.12,24.61,89.17
2025-10-05,6.7,24.8,87.9
2025-10-06,15.31,24.06,91.9
2025-10-07,2.05,24.73,86.95
2025-10-08,0.17,24.75,85.52
2025-10-09,0.02,23.3,81.44
2025-10-10,0.0,22.26,79.69
2025-10-11,0.0,21.56,80.69
2025-10-12,0.0,22.07,84.85
2025-10-13,0.01,23.0,85.91
2025-10-14,0.18,24.07,87.57
2025-10-15,0.27,24.98,87.69
2025-10-16,0.0,25.0,85.9
2025-10-17,0.01,23.93,85.13
2025-10-18,0.0,23.61,85.43
2025-10-19,0.0,22.73,84.66
2025-10-20,0.5,23.19,87.7
2025-10-21,3.14,24.62,87.37
2025-10-22,0.25,24.71,86.68
2025-10-23,1.42,24.62,86.22
2025-10-24,4.24,24.31,88.67
2025-10-25,4.56,24.39,87.37
2025-10-26,0.23,24.94,84.52
2025-10-27,0.7,25.12,85.35
2025-10-28,7.76,24.82,88.69
2025-10-29,27.8,24.8,91.13
2025-10-30,9.37,25.46,88.57
2025-10-31,0.12,24.72,79.32
2025-11-01,0.07,25.61,82.56
2025-11-02,9.61,25.69,86.95
2025-11-03,0.58,24.96,86.59
2025-11-04,0.09,24.24,85.0
2025-11-05,0.03,23.19,84.3
2025-11-06,0.0,22.16,76.2
2025-11-07,0.0,20.37,74.97
2025-11-08,0.0,19.41,69.3
2025-11-09,0.0,18.8,75.56
2025-11-10,0.0,19.03,71.11
2025-11-11,0.0,18.8,69.17
2025-11-12,0.0,18.23,71.02
2025-11-13,0.0,17.57,72.24
2025-11-14,0.0,16.48,77.97
2025-11-15,0.0,16.46,78.85
2025-11-16,0.01,16.5,80.48
2025-11-17,0.0,15.45,80.13
2025-11-18,0.01,15.53,79.12
2025-11-19,0.0,16.25,77.63
2025-11-20,0.0,17.07,80.96
2025-11-21,0.0,18.47,81.68
2025-11-22,0.0,19.95,81.65
2025-11-23,0.0,20.82,80.76
2025-11-24,0.0,20.49,81.76
2025-11-25,0.0,20.57,83.87
2025-11-26,0.0,20.27,83.74
2025-11-27,0.0,19.96,84.22
2025-11-28,0.0,18.02,80.05
2025-11-29,0.0,16.98,80.21
2025-11-30,0.0,18.46,80.84
2025-12-01,0.0,18.36,81.54
2025-12-02,0.0,18.42,81.86
2025-12-03,0.0,18.41,81.44
2025-12-04,0.0,19.1,79.55
2025-12-05,0.0,18.55,75.78
2025-12-06,0.0,17.33,78.81
2025-12-07,0.0,16.11,76.45
2025-12-08,0.0,15.84,74.06
2025-12-09,0.0,16.21,68.05
2025-12-10,0.0,16.09,67.05
2025-12-11,0.0,16.1,61.79
2025-12-12,0.0,17.21,63.04
2025-12-13,0.0,17.36,66.66
2025-12-14,0.0,16.99,71.78
2025-12-15,0.0,16.69,72.17
2025-12-16,0.0,17.42,72.62
2025-12-17,0.0,17.63,73.87
2025-12-18,0.0,17.22,66.39
2025-12-19,0.0,17.24,59.31
2025-12-20,0.0,16.71,63.09
2025-12-21,0.0,16.82,67.79
2025-12-22,0.0,17.05,69.84
2025-12-23,0.0,17.54,69.56
2025-12-24,0.0,16.68,70.37
2025-12-25,0.0,17.14,67.39
2025-12-26,0.0,17.2,68.67
2025-12-27,0.0,17.29,67.71
2025-12-28,0.0,16.83,64.33
2025-12-29,0.0,17.03,60.21
2025-12-30,0.0,18.02,58.8
2025-12-31,0.0,19.37,56.53
2026-01-01,0.0,19.09,63.25
2026-01-02,0.0,20.83,69.14
2026-01-03,0.0,21.43,68.76
2026-01-04,0.0,20.65,72.18
2026-01-05,0.0,19.31,71.3
2026-01-06,0.0,18.3,64.55
2026-01-07,0.0,17.83,60.26
2026-01-08,0.0,17.58,55.76
2026-01-09,0.0,17.63,55.07
2026-01-10,0.0,17.43,54.92
2026-01-11,0.0,18.48,54.88
2026-01-12,0.03,19.84,60.62
2026-01-13,0.0,21.38,59.95
2026-01-14,0.0,23.03,64.85
2026-01-15,0.0,22.16,62.97
2026-01-16,0.0,20.14,57.67
2026-01-17,0.0,20.16,46.58
2026-01-18,0.0,21.12,46.84
2026-01-19,0.0,20.85,52.9
2026-01-20,0.0,21.08,57.38
2026-01-21,0.01,20.85,53.07
2026-01-22,0.0,20.47,57.78
2026-01-23,0.0,21.02,57.79
2026-01-24,0.0,21.81,56.94
2026-01-25,0.0,23.05,59.29
2026-01-26,0.0,23.97,57.17
2026-01-27,0.0,24.63,55.46
2026-01-28,0.01,24.32,58.25
2026-01-29,0.0,23.86,55.78
2026-01-30,0.0,24.04,49.15
2026-01-31,0.0,24.16,54.42
2026-02-01,0.0,23.77,51.81
2026-02-02,0.0,23.0,47.91
2026-02-03,0.0,23.25,48.73
2026-02-04,0.0,23.23,47.82
2026-02-05,0.0,22.98,46.2
2026-02-06,0.0,23.28,44.57
2026-02-07,0.0,23.14,40.06
2026-02-08,0.0,22.72,36.59
2026-02-09,0.0,23.03,33.09
2026-02-10,0.0,23.78,33.33
2026-02-11,0.0,24.11,37.15
2026-02-12,0.0,24.12,39.5
2026-02-13,0.0,24.63,37.23
2026-02-14,0.0,25.31,38.84
2026-02-15,0.0,26.0,39.06
2026-02-16,0.0,25.77,37.77
2026-02-17,0.0,25.67,38.5
2026-02-18,0.0,25.8,43.48
2026-02-19,0.0,26.82,44.82
2026-02-20,0.0,27.29,42.08
2026-02-21,0.0,27.97,34.16
2026-02-22,0.01,28.48,35.29
2026-02-23,0.24,28.6,39.64
2026-02-24,0.64,27.5,43.12
2026-02-25,0.07,27.86,34.29
2026-02-26,0.0,27.97,31.61
2026-02-27,0.0,28.23,34.57
2026-02-28,0.0,28.93,32.76
2026-03-01,0.0,28.75,29.14
2026-03-02,0.0,28.86,27.86
2026-03-03,0.0,28.98,23.57
2026-03-04,0.0,28.51,21.08
2026-03-05,0.0,29.54,16.45
2026-03-06,0.0,28.86,16.35
2026-03-07,0.0,29.32,17.54
2026-03-08,0.0,29.34,19.66
2026-03-09,0.0,28.84,24.01
2026-03-10,0.0,29.63,36.23
2026-03-11,0.0,30.26,31.38
2026-03-12,0.0,31.56,19.44
2026-03-13,0.0,30.77,19.07
2026-03-14,0.0,30.89,25.93
2026-03-15,4.02,31.56,25.94
2026-03-16,0.46,29.59,33.45
2026-03-17,0.01,30.24,32.75
2026-03-18,1.36,29.26,37.92
2026-03-19,0.29,27.87,40.11
2026-03-20,0.13,29.29,33.96
2026-03-21,0.0,28.44,31.1
2026-03-22,0.0,28.05,24.28
2026-03-23,0.0,29.24,24.81
2026-03-24,0.08,31.27,27.3
2026-03-25,0.0,31.7,28.93
2026-03-26,0.0,32.79,26.14
2026-03-27,0.04,33.56,23.21
2026-03-28,0.0,32.37,20.7
2026-03-29,0.0,32.22,25.82
2026-03-30,0.59,32.41,29.83
2026-03-31,3.15,31.94,36.27
2026-04-01,0.21,32.03,39.85
2026-04-02,0.79,32.27,39.05
2026-04-03,0.31,32.05,39.5
2026-04-04,1.23,30.8,42.76
2026-04-05,0.62,30.28,43.09
2026-04-06,0.0,29.75,32.52
2026-04-07,0.0,29.58,33.58
2026-04-08,0.0,30.53,33.94
2026-04-09,0.0,30.54,35.55
2026-04-10,0.0,31.77,29.3
2026-04-11,0.0,32.06,26.4
2026-04-12,0.0,33.95,23.13
2026-04-13,0.0,34.33,26.69
2026-04-14,0.0,34.36,24.43
2026-04-15,0.0,34.32,21.36
2026-04-16,0.0,34.92,19.52
2026-04-17,0.0,34.57,22.24
2026-04-18,0.0,35.1,24.0
2026-04-19,1.31,35.8,26.49
2026-04-20,1.81,35.5,30.18
2026-04-21,1.94,33.13,35.99
2026-04-22,0.18,34.16,32.79
2026-04-23,0.24,34.74,28.08
2026-04-24,0.26,34.51,30.06
2026-04-25,0.11,35.53,27.21
2026-04-26,0.0,36.17,25.55
2026-04-27,0.0,35.13,24.86
2026-04-28,0.0,35.37,23.5
2026-04-29,0.0,34.79,26.02
2026-04-30,0.0,34.73,22.72
2026-05-01,0.0,34.41,26.77
2026-05-02,0.02,35.5,28.19
2026-05-03,0.0,35.23,25.88
2026-05-04,0.0,34.64,21.99
2026-05-05,0.0,34.24,25.5
2026-05-06,0.13,34.07,29.65
2026-05-07,0.98,33.97,34.82
2026-05-08,0.55,33.51,36.32
2026-05-09,0.57,34.15,36.03
